Title,Creator,Viewers,Language,User Link,Avatar Link,Thumbnail Link
ã€KSPã€‘æ—©å®‰ æ””ä¸ä½çš„èŠå¤©å®¤-w-ï½œ !å­åˆæ·ä¼´ !å‘¨é‚Š !æ‰‹æ©Ÿæ®¼ !FFZ | @kspksp,KSPKSP,2900,ä¸­æ–‡,https://www.twitch.tv/kspksp,https://static-cdn.jtvnw.net/jtv_user_pictures/1089ca27-c573-4aa8-95e2-a809d99ec987-profile_image-50x50.png,https://static-cdn.jtvnw.net/previews-ttv/live_user_kspksp-440x248.jpg
[RE Joy]-â€»æ–°æ»‘é¼ åˆ°äº†ä¾†ç¿’æ…£â€»é€£å‹•äº”æ’æ™šé»apex!æŒ‡ä»¤ !ig !yt !æ–—å…§,RE_Joy,55,ä¸­æ–‡,https://www.twitch.tv/re_joy,https://static-cdn.jtvnw.net/jtv_user_pictures/7a04cab9-3d7f-49df-887d-0f6c856275c5-profile_image-50x50.png,https://static-cdn.jtvnw.net/previews-ttv/live_user_re_joy-440x248.jpg
scrims,Effect,598,Ñ€ÑƒÑÑĞºĞ¸Ğ¹,https://www.twitch.tv/effect,https://static-cdn.jtvnw.net/jtv_user_pictures/31e57914-bbae-4585-b75c-4588e356f007-profile_image-50x50.jpeg,https://static-cdn.jtvnw.net/previews-ttv/live_user_effect-440x248.jpg
"BACK IN TAIWAN, GRINDING ON YO MAMA // FOLLOW @joeykaotyk MAIN CHANNEL",notjoeykaotyk,297,English,https://www.twitch.tv/notjoeykaotyk,https://static-cdn.jtvnw.net/jtv_user_pictures/44b07bc2-3e4d-47e3-8d5b-89b8780b8404-profile_image-50x50.png,https://static-cdn.jtvnw.net/previews-ttv/live_user_notjoeykaotyk-440x248.jpg
ã‚½ãƒ­ãƒ©ãƒ³ã‚¯ ãƒ—ãƒ©ãƒãƒŠï½,tttcheekyttt,878,æ—¥æœ¬èª,https://www.twitch.tv/tttcheekyttt,https://static-cdn.jtvnw.net/jtv_user_pictures/166f5098-18c7-499c-9ca3-a9dbf96a1d25-profile_image-50x50.png,https://static-cdn.jtvnw.net/previews-ttv/live_user_tttcheekyttt-440x248.jpg
ã€æ¸…ç‰KTOAOã€‘é™ªç©ä¸€ä¸‹->å¿«æ‰“æ—‹é¢¨6 | @ktoaob | ã€!350è¨‚é–±ç¥­å“ã€‘ã€!æŠ–å…§ç›®æ¨™ã€‘ !æ›¬å¡ !æ‡ºæ‚” !è¡Œäº‹ !æŒ‡ä»¤ | 5/22,å»–åä¹ (ktoaob),79,ä¸­æ–‡,https://www.twitch.tv/ktoaob,https://static-cdn.jtvnw.net/jtv_user_pictures/16ab8c9d-efd5-4178-87ac-fbe3ae9b31b7-profile_image-50x50.png,https://static-cdn.jtvnw.net/previews-ttv/live_user_ktoaob-440x248.jpg
5/23 It's time to APEX | !7TV !åŠ å…¥Banç¾¤ !çºŒè¨‚å•é¡Œ,ç‘çš® (tw_rapid),91,18pluschannel,https://www.twitch.tv/tw_rapid,https://static-cdn.jtvnw.net/jtv_user_pictures/5e8574de-89f0-4a24-a31b-bfcdae2f5dbf-profile_image-50x50.png,https://static-cdn.jtvnw.net/previews-ttv/live_user_tw_rapid-440x248.jpg
ğŸ ä½œæ¯BOOMä¹‹å°é–‹å°ç© (è¶…ç´šéš¨ä¾¿ç‰ˆ) ğŸ’™â‚Šâº 05/23,è²ãƒ•ã‚§ã‚¤ (fei_z),56,å˜´PIA,https://www.twitch.tv/fei_z,https://static-cdn.jtvnw.net/jtv_user_pictures/94b318fb-675e-4e68-a30c-455784dc0b85-profile_image-50x50.png,https://static-cdn.jtvnw.net/previews-ttv/live_user_fei_z-440x248.jpg
ãƒ—ãƒ­ã‚¹ã‚¯ãƒªãƒ ,nniru,1100,æ—¥æœ¬èª,https://www.twitch.tv/nniru,https://static-cdn.jtvnw.net/jtv_user_pictures/f0f9a64a-ee48-448e-ad2a-213a78ffd568-profile_image-50x50.png,https://static-cdn.jtvnw.net/previews-ttv/live_user_nniru-440x248.jpg
Ranked into Scrims w/Alliance! - !socials !merch !lastvid,Alliance_Hakis,914,Scrim,https://www.twitch.tv/alliance_hakis,https://static-cdn.jtvnw.net/jtv_user_pictures/6afa60d0-7340-45a1-80ca-014eaec2d48b-profile_image-50x50.png,https://static-cdn.jtvnw.net/previews-ttv/live_user_alliance_hakis-440x248.jpg
ãƒŠãƒƒã‚³ãƒ¼ã™ããƒªãƒ ,ã‚†ããŠ2 (yukiofps14),3100,æ—¥æœ¬èª,https://www.twitch.tv/yukiofps14,https://static-cdn.jtvnw.net/jtv_user_pictures/457abaa2-37eb-49b3-a8b5-aafb2f91ecfc-profile_image-50x50.png,https://static-cdn.jtvnw.net/previews-ttv/live_user_yukiofps14-440x248.jpg
apexã‹ã‚‰ã®Xãªã‚“ãŸã‚‰ã‚„ã‚‹ã‹ã‚‚ !device,Chensou_Ozisan,167,æ—¥æœ¬èª,https://www.twitch.tv/chensou_ozisan,https://static-cdn.jtvnw.net/jtv_user_pictures/f7aeccf3-5b9b-42ff-a924-38c6c44c6585-profile_image-50x50.png,https://static-cdn.jtvnw.net/previews-ttv/live_user_chensou_ozisan-440x248.jpg
"FINALLY a streamer thats bringing ""salutations m'lady"" energy to apex !socials !rogue",secretgirlfriendTV,75,NeverWrong,https://www.twitch.tv/secretgirlfriendtv,https://static-cdn.jtvnw.net/jtv_user_pictures/7d23498c-07d5-413a-a288-b7e7b9aaabf5-profile_image-50x50.png,https://static-cdn.jtvnw.net/previews-ttv/live_user_secretgirlfriendtv-440x248.jpg
ã€å‡±ç±³æ´›ï¼¯Ï‰â—ã€‘[åŠ ç­å°D-3]æ—©ï¼ä¸Šï¼å¥½ï¼|!åŠ ç­|23.5.2024,é»‘è²“_å‡±ç±³æ´› (hameowmeow),45,ä¸–ç•Œç¬¬ä¸€è†½å°é¬¼,https://www.twitch.tv/hameowmeow,https://static-cdn.jtvnw.net/jtv_user_pictures/66d633e6-df9e-4416-827f-7f51c1c83c84-profile_image-50x50.png,https://static-cdn.jtvnw.net/previews-ttv/live_user_hameowmeow-440x248.jpg
ï¸ï¸âš ï¸10K REALM LEAGUE INTO EWC SCRIMSâš ï¸ !gg !iqon !optimize,gdolphn,943,gamer,https://www.twitch.tv/gdolphn,https://static-cdn.jtvnw.net/jtv_user_pictures/bbb67d80-e0d1-4f92-9ea2-ee5f12cbb84e-profile_image-50x50.png,https://static-cdn.jtvnw.net/previews-ttv/live_user_gdolphn-440x248.jpg
|0523|!é™ªç© !DC !777 !é†œ|æ›å°è¨˜å¾—ç•™5%å–”|æ‰“æ¬¸é…!,ç‹æ™®éœ² (mepulu0610),14,èœé›,https://www.twitch.tv/mepulu0610,https://static-cdn.jtvnw.net/jtv_user_pictures/ae3d2b91-2478-438f-a5c4-384efe56e692-profile_image-50x50.png,https://static-cdn.jtvnw.net/previews-ttv/live_user_mepulu0610-440x248.jpg
5/24 ä¸‹ç¦®æ‹œå…­ç”Ÿæ—¥æˆ¶å¤–å° å¤§å®¶è¦ä¾†çœ‹å”·!! | 5æœˆè¨‚é–±æ¡Œå¸ƒ! |æ–°è²¼åœ–!!,æ²å©• (qiejie),45,ä¸­æ–‡,https://www.twitch.tv/qiejie,https://static-cdn.jtvnw.net/jtv_user_pictures/e055ddb0-2950-4593-9c35-b0300f91f7c9-profile_image-50x50.png,https://static-cdn.jtvnw.net/previews-ttv/live_user_qiejie-440x248.jpg
ã€5/23ã€‘ èœBB l @zzcocooo l,zzcocooo,16,å¥³ç”Ÿ,https://www.twitch.tv/zzcocooo,https://static-cdn.jtvnw.net/jtv_user_pictures/0e9e13c2-cbd0-4756-bb86-94ca3770cd7c-profile_image-50x50.png,https://static-cdn.jtvnw.net/previews-ttv/live_user_zzcocooo-440x248.jpg
ğŸ®ğŸ¯ ğ™ˆğ™–ğ™® é™ªäº†ä½ æƒ…çª¦åˆå¼€ è¿˜æƒ³é™ªä½ ä¸¤é¬“æ–‘ç™½. | !GG !é­”å„²,HiNaTnT,12,English,https://www.twitch.tv/hinatnt,https://static-cdn.jtvnw.net/jtv_user_pictures/18772b6a-2740-465e-8ec8-b017e3dbde12-profile_image-50x50.png,https://static-cdn.jtvnw.net/previews-ttv/live_user_hinatnt-440x248.jpg
ãƒãƒ¼ãƒ ãƒ©ãƒ³ã‚¯,4rufq,324,æ—¥æœ¬èª,https://www.twitch.tv/4rufq,https://static-cdn.jtvnw.net/jtv_user_pictures/864d0ccb-b69a-4317-9da9-9627da265215-profile_image-50x50.png,https://static-cdn.jtvnw.net/previews-ttv/live_user_4rufq-440x248.jpg
å—¨,è‰è“æ£‰ç¿»ç³– (vienna0512),34,Vtuber,https://www.twitch.tv/vienna0512,https://static-cdn.jtvnw.net/jtv_user_pictures/95879392-7456-48fd-8fb9-9ece890d1a87-profile_image-50x50.png,https://static-cdn.jtvnw.net/previews-ttv/live_user_vienna0512-440x248.jpg
ã€é˜¿æˆšAQIã€‘5/23 å®‰å®‰,é˜¿æˆš (aqi_7n),37,ä¸­æ–‡,https://www.twitch.tv/aqi_7n,https://static-cdn.jtvnw.net/jtv_user_pictures/7e4f5687-9398-4f1f-8a37-21e2385186e9-profile_image-50x50.jpeg,https://static-cdn.jtvnw.net/previews-ttv/live_user_aqi_7n-440x248.jpg
Scrimersino | !alliance !tiktok !Youtube | @vUnlucky,vUnlucky,130,AllianceUnlucky,https://www.twitch.tv/vunlucky,https://static-cdn.jtvnw.net/jtv_user_pictures/6d8c0002-a855-4d42-bd09-ae3acd7899a7-profile_image-50x50.png,https://static-cdn.jtvnw.net/previews-ttv/live_user_vunlucky-440x248.jpg
ã‚½ãƒ­ãƒ¢ãƒ¼ãƒ‰,maronnv,683,æ—¥æœ¬èª,https://www.twitch.tv/maronnv,https://static-cdn.jtvnw.net/jtv_user_pictures/a3f071de-4722-4eb4-8b55-5db9fbc31293-profile_image-50x50.png,https://static-cdn.jtvnw.net/previews-ttv/live_user_maronnv-440x248.jpg
à«®ãƒ»ï»Œãƒ»áƒ æ™ºé½’è±¬è±¬éŠæˆ²äº‚äº‚æ‰“ğŸ¥ºâ”‚!æ‹ç«‹å¾—!å‘¨é‚Š!å°èšâ”‚ @c6ff,å¸Œéœ²èŠ¬ (c6ff),34,38æ­²,https://www.twitch.tv/c6ff,https://static-cdn.jtvnw.net/jtv_user_pictures/2c4e5d67-e786-40e2-bdd9-e8fa8214e3d1-profile_image-50x50.png,https://static-cdn.jtvnw.net/previews-ttv/live_user_c6ff-440x248.jpg
5/23 æ¬¸å–‚,æ½˜æ½˜æ½˜å©· (pt0503),24,å•¾å•¾,https://www.twitch.tv/pt0503,https://static-cdn.jtvnw.net/jtv_user_pictures/3677d863-9f0e-4603-ac9b-589ead909fa6-profile_image-50x50.png,https://static-cdn.jtvnw.net/previews-ttv/live_user_pt0503-440x248.jpg
ã€æˆ°é¬¥ç´…èŒ¶ã€‘its time to go to bed... !æ–°ç‰‡2,æˆ°é¬¥ç´…èŒ¶ (niubie1337),8,ä¸­æ–‡,https://www.twitch.tv/niubie1337,https://static-cdn.jtvnw.net/jtv_user_pictures/56040ba3-40e9-4b0f-b48b-050659cb6402-profile_image-50x50.png,https://static-cdn.jtvnw.net/previews-ttv/live_user_niubie1337-440x248.jpg
ABSOLUTE FARMAGE TODAY,MaTaFe_,284,pro,https://www.twitch.tv/matafe_,https://static-cdn.jtvnw.net/jtv_user_pictures/06a7299b-54f7-44df-a855-3c35c2ed803b-profile_image-50x50.png,https://static-cdn.jtvnw.net/previews-ttv/live_user_matafe_-440x248.jpg
422,è»é–¥é¤…ä¹¾ (luna33th),38,apex,https://www.twitch.tv/luna33th,https://static-cdn.jtvnw.net/jtv_user_pictures/d14f2ead-381f-430c-8702-650fd7fde94a-profile_image-50x50.png,https://static-cdn.jtvnw.net/previews-ttv/live_user_luna33th-440x248.jpg
é¬¼è½‰Apex ä¸€åˆ‡éƒ½æ˜¯å‘½é‹çŸ³ä¹‹é–€çš„é¸æ“‡ 5/23,å¿å¿å¿ä¸ä½ (renbuju),11,æ–œå’–,https://www.twitch.tv/renbuju,https://static-cdn.jtvnw.net/jtv_user_pictures/7acb3a1e-d7df-4126-952f-3c5378f791bf-profile_image-50x50.png,https://static-cdn.jtvnw.net/previews-ttv/live_user_renbuju-440x248.jpg
